,0
RightCST_90Percentile,0.013730236674776651
LeftSuperior_Median,0.012575596670345118
LeftSuperior_Mean,0.01091525034778563
RightSuperior_Median,0.01073673973022768
RightSuperior_Mean,0.010615832771651122
RightSuperior_90Percentile,0.009935995449636014
LeftCST_Mean,0.00980194030312461
LeftPosterior_Mean,0.009711922582700925
RightPosterior_10Percentile,0.009384882750801017
RightSuperior_Minimum,0.009027945870582085
LeftFrontal_Median,0.00883931013459447
LeftSuperior_10Percentile,0.008680654886286679
RightSuperior_Maximum,0.008523618470423874
LeftFrontal_Minimum,0.007792293666305153
RightFrontal_Median,0.007748929963508946
LeftPosterior_Median,0.007732226417361879
LeftPosterior_90Percentile,0.007555833786433538
RightPosterior_Mean,0.0074986531212907145
RightSuperior_10Percentile,0.007469782584186866
RightFrontal_Mean,0.007455620999783685
LeftCST_90Percentile,0.00731878615952492
RightPosterior_Minimum,0.0071501757470199545
LeftFrontal_90Percentile,0.007054010574305991
LeftFrontal_Mean,0.0069258563151599764
LeftCST_Median,0.006437637705789236
LeftFrontal_10Percentile,0.006421760722435254
LeftCST_10Percentile,0.006293240665740068
LeftSuperior_90Percentile,0.006243006123692836
LeftCCGenu_10Percentile,0.006220885906902547
LeftPosterior_10Percentile,0.006083083329669712
RightFrontal_10Percentile,0.005980292769611685
RightCCGenu_Median,0.005789571558329384
RightPosterior_Median,0.005777262008169767
RightFrontal_Minimum,0.005321797886625674
RightSuperior_Energy,0.005175449399866626
LeftRedNucleus_Minimum,0.005069459041089458
RightCCSplenium_10Percentile,0.005040106629039594
LeftSuperior_Minimum,0.004979177718342144
LeftCST_Minimum,0.004971180733422246
RightCST_Median,0.004862211374961631
LeftPosterior_Energy,0.004796965298239515
LeftIntThalamus_Idm,0.0046513146751248026
RightCCSplenium_Minimum,0.004399964205565954
LeftSuperior_Energy,0.004275244644436661
LeftSuperior_Maximum,0.0041655594520980995
RightCCGenu_Mean,0.003964193572687623
RightCST_Maximum,0.003960743576863553
RightSuperior_RootMeanSquared,0.0039057654733822473
LeftCCGenu_Minimum,0.0038939688233759406
LeftIntThalamus_RootMeanSquared,0.0038682857999902207
LeftSuperior_RootMeanSquared,0.0038347797427601992
RightPosterior_90Percentile,0.00371836620065174
RightCCSplenium_Mean,0.003598977747437847
LeftCCSplenium_10Percentile,0.0035264176854857034
LeftPosterior_RootMeanSquared,0.0035180978718127435
RightCCSplenium_Median,0.0035087659327633974
RightFrontal_90Percentile,0.0034150017748345468
RightFrontal_RootMeanSquared,0.0032633715675659033
RightCST_Mean,0.003223961892544197
RightCST_10Percentile,0.003201865882859555
LeftCCSplenium_Median,0.0029816944731082423
LeftCST_Maximum,0.002736425476707273
LeftIntThalamus_InterquartileRange,0.002680745442038104
LeftCCSplenium_RootMeanSquared,0.00267460626122223
LeftCCSplenium_Mean,0.002610433216559312
LeftIntThalamus_ZoneVariance,0.002609698448686353
LeftCCGenu_RootMeanSquared,0.0025172332224718424
RightCCGenu_RootMeanSquared,0.002496315031289051
RightCST_Minimum,0.0024372761900642347
LeftFrontal_Maximum,0.0024222114496701957
RightCCGenu_Minimum,0.0024186488099626523
LeftFrontal_RootMeanSquared,0.002372549735488379
RightFrontal_Energy,0.0023291275182280497
LeftPutamen_Median,0.0023162793141327308
RightCCGenu_10Percentile,0.0023054966077026046
RightPutamen_90Percentile,0.0021833729848082465
RightPosterior_Energy,0.002182286731423568
LeftCST_Energy,0.0021658471430554484
LeftCST_RootMeanSquared,0.002159651470435517
LeftIntThalamus_Mean,0.0021295880923789404
LeftIntThalamus_10Percentile,0.002076435665690771
RightLateralVentricle_JointEnergy,0.0020098348642339278
RightPosterior_RootMeanSquared,0.0019926585159824347
LeftLateralVentricle_GrayLevelNonUniformity,0.0019627974482734336
RightInsideThalamus_ZoneVariance,0.0019140948357976159
LeftIntThalamus_90Percentile,0.0018792365390888127
LeftIntThalamus_LargeAreaEmphasis,0.0018341694203575622
LeftPutamen_Correlation,0.0017997925352557927
RightCCSplenium_90Percentile,0.0017938608577768066
LeftFrontal_Energy,0.001793018742565295
LeftCCSplenium_Minimum,0.001758336499852146
LeftInsideThalamus_LargeAreaEmphasis,0.0017544388433737138
LeftRedNucleus_Mean,0.0017327107272195885
RightCCSplenium_RootMeanSquared,0.0017264114372854914
RightCaudate_Imc1,0.0017109158131984159
RightCaudate_Imc2,0.0016779232982580123
LeftSuperior_ClusterShade,0.0016743963298525091
LeftFrontal_Idm,0.0016732863717921057
LeftLateralVentricle_SumEntropy,0.0016411820513151766
LeftFrontal_GrayLevelNonUniformity,0.0016364663924680791
LeftCCSplenium_DifferenceEntropy,0.0016308002337568786
RightIntThalamus_Energy,0.0016009994335411295
LeftPosterior_Maximum,0.0015939547477050245
LeftPosterior_ZoneVariance,0.001593948273091578
LeftVentricle_Energy,0.001587492815196659
LeftPutamen_Mean,0.0015787276861467883
LeftIntThalamus_Median,0.0015720931513598568
RightCST_RootMeanSquared,0.0015576604077888563
LeftCCGenu_Energy,0.001550919101972444
LeftRedNucleus_10Percentile,0.0015443119739314865
RightLateralVentricle_JointEntropy,0.0015422015546412782
RightLateralVentricle_SizeZoneNonUniformity,0.0015234665164299813
LeftPosterior_LargeAreaEmphasis,0.0014928396332403737
RightCaudate_SumSquares,0.0014892078904808095
LeftPosterior_Minimum,0.0014760753867550476
LeftIntThalamus_InverseVariance,0.0014443667864239998
LeftIntThalamus_SmallAreaEmphasis,0.0014195610446265047
RightFrontal_Maximum,0.0014073911282939035
LeftCCSplenium_JointEntropy,0.0013861900202693947
LeftCCSplenium_MaximumProbability,0.0013686215449319084
LeftPutamen_RootMeanSquared,0.0013623104554033446
RightVentricle_Median,0.0013516682398844555
RightPutamen_LargeAreaEmphasis,0.0013302188324545202
LeftIntThalamus_Maximum,0.0013106851828704462
LeftCCSplenium_Energy,0.0012935382523513665
LeftPutamen_LowGrayLevelZoneEmphasis,0.0012887969605407427
LeftCCGenu_Mean,0.0012633522194781244
LeftIntThalamus_Minimum,0.0012618059234541683
RightCCSplenium_SizeZoneNonUniformity,0.001234749438842972
RightPutamen_Median,0.0012338724135414977
LeftPutamen_DifferenceVariance,0.0012337724401024746
RightRedNucleus_Mean,0.001226878971931948
LeftPutamen_Kurtosis,0.0011896239568834723
LeftIntThalamus_DifferenceAverage,0.0011874478837130128
LeftExtThalamus_LargeAreaEmphasis,0.0011793112722876383
LeftPutamen_90Percentile,0.0011641426458677614
RightLateralVentricle_SumEntropy,0.0011581019626137703
RightRedNucleus_ZonePercentage,0.0011531624182605743
RightCST_InterquartileRange,0.0011516144629674502
LeftPosterior_ClusterShade,0.001150622654886261
LeftExtThalamus_SizeZoneNonUniformityNormalized,0.0011493962200032578
RightIntThalamus_Entropy,0.0011348799841458385
RightRedNucleus_RootMeanSquared,0.0011283166019533466
LeftCCSplenium_SumEntropy,0.0011251328990411651
RightInsideThalamus_JointAverage,0.0011229370234172073
LeftLateralVentricle_JointEntropy,0.0011144054714301522
RightPosterior_Maximum,0.001112242256908561
LeftIntThalamus_Contrast,0.0011111274789143747
LeftExtThalamus_Idm,0.0011030962743201172
RightCCGenu_Energy,0.0011010290483918508
RightPutamen_Energy,0.0010929617491500872
RightLateralVentricle_LargeAreaEmphasis,0.0010903069463840352
RightIntThalamus_90Percentile,0.0010859261098382195
LeftFrontal_Range,0.0010807688222764858
RightLateralVentricle_DifferenceVariance,0.001072988150795585
LeftVentricle_90Percentile,0.0010570116319468554
RightPosterior_InverseVariance,0.0010554899571416816
RightLateralVentricle_ZoneEntropy,0.0010551511920334675
LeftLateralVentricle_MaximumProbability,0.0010495170166256046
LeftExtThalamus_InverseVariance,0.001047840135335419
LeftRedNucleus_Imc2,0.0010450137295222991
LeftFrontal_Imc2,0.0010433914258620098
RightSuperior_Uniformity,0.0010404492899524047
LeftPosterior_SumAverage,0.001038781915518835
RightCaudate_GrayLevelNonUniformity,0.001032784008638658
LeftCCGenu_DifferenceVariance,0.0010290370263387528
LeftRedNucleus_Median,0.0010252989710604278
RightLateralVentricle_Idm,0.001025033826463003
RightFrontal_LargeAreaEmphasis,0.0010224606949179448
RightCCSplenium_MaximumProbability,0.0010198747245916844
LeftIntThalamus_ZonePercentage,0.0010062632760319628
LeftRedNucleus_SumSquares,0.0010047330109497724
RightRedNucleus_LargeAreaEmphasis,0.0010032570823875662
LeftIntThalamus_Kurtosis,0.0010028406080044574
RightCST_DifferenceVariance,0.0010001617284377455
LeftLateralVentricle_SizeZoneNonUniformity,0.0009943534447187487
LeftCST_Kurtosis,0.0009847668860694955
RightLateralVentricle_Imc1,0.0009834309551422127
RightCaudate_SizeZoneNonUniformityNormalized,0.0009823273995181502
RightCCGenu_90Percentile,0.0009807755813069268
RightSuperior_Kurtosis,0.0009771310906560385
RightLateralVentricle_ZoneVariance,0.0009710822739025271
RightPutamen_GrayLevelVariance,0.0009708825916146593
RightCaudate_Contrast,0.0009686209846045615
LeftSuperior_JointEnergy,0.0009602639671353125
RightCST_RobustMeanAbsoluteDeviation,0.0009561935626910769
RightCaudate_Skewness,0.0009486100899992799
LeftSuperior_DifferenceEntropy,0.0009434291799592344
LeftCCSplenium_JointEnergy,0.0009355926110123985
RightRedNucleus_Energy,0.000923297045633422
LeftSuperior_RobustMeanAbsoluteDeviation,0.0009166716426008512
LeftFrontal_InterquartileRange,0.0009165075259197502
LeftSuperior_MCC,0.0009143095166018685
RightFrontal_ClusterShade,0.0009112260384133894
LeftCaudate_SizeZoneNonUniformityNormalized,0.0009108712788705882
RightRedNucleus_Minimum,0.0009005252764904443
RightPutamen_ZoneEntropy,0.0009002549052175261
LeftVentricle_10Percentile,0.0008977440426334668
LeftCST_InverseVariance,0.0008952044507554564
RightExtThalamus_90Percentile,0.0008930723483624221
RightCST_Energy,0.000892144585397995
RightVentricle_GrayLevelNonUniformity,0.0008901252676017086
LeftVentricle_Maximum,0.0008883189945672421
RightRedNucleus_JointEntropy,0.0008867634814272922
RightSuperior_Idm,0.0008835144606771636
LeftPutamen_MeanAbsoluteDeviation,0.0008736954175393064
RightPosterior_Idm,0.0008736842640480458
RightCaudate_Mean,0.0008732563176308742
RightCCSplenium_ZoneEntropy,0.0008702094926341809
RightCCSplenium_Maximum,0.0008682414090373727
LeftCaudate_InverseVariance,0.0008680264705292355
RightRedNucleus_Imc2,0.0008676034966200091
RightRedNucleus_ClusterProminence,0.000867159547433277
RightPutamen_Maximum,0.0008637931150276776
LeftVentricle_Correlation,0.0008601205736989617
RightPutamen_RootMeanSquared,0.0008589819002131757
RightLateralVentricle_Median,0.0008582368456429588
RightSuperior_ZoneVariance,0.0008554903440198824
LeftRedNucleus_MeanAbsoluteDeviation,0.0008541143256261313
LeftSuperior_Imc1,0.0008436985798507572
LeftPutamen_SumEntropy,0.0008417698235315626
LeftPosterior_Imc1,0.0008397221699574918
LeftCaudate_ZoneVariance,0.0008344648640826263
RightSuperior_Correlation,0.0008285295236448045
LeftIntThalamus_Imc1,0.0008285050827818177
RightIntThalamus_Contrast,0.000822486796700735
LeftPutamen_MaximumProbability,0.0008200585021536509
RightRedNucleus_Contrast,0.0008160113087394187
RightVentricle_Mean,0.0008148947897542257
LeftIntThalamus_Range,0.0008138464386179947
LeftPutamen_Skewness,0.0008119594023989582
RightCST_JointEntropy,0.0008116909652653116
RightPosterior_LowGrayLevelZoneEmphasis,0.0008110194614275322
LeftPutamen_DifferenceEntropy,0.0008109677127656765
RightLateralVentricle_Entropy,0.0008069005343903027
LeftRedNucleus_JointEntropy,0.0008055778860964273
RightVentricle_Idm,0.0008047070794010222
LeftPutamen_InterquartileRange,0.0008037198514895877
RightLateralVentricle_SizeZoneNonUniformityNormalized,0.0008034762191575081
LeftPutamen_JointEnergy,0.0008025097946231842
RightCCSplenium_SumEntropy,0.0008014193290942029
LeftFrontal_ZoneVariance,0.0008002829839879467
RightCaudate_MeanAbsoluteDeviation,0.0007998620594066049
RightRedNucleus_90Percentile,0.000798591502573831
RightCST_Contrast,0.0007952469860069999
LeftIntThalamus_SumAverage,0.0007945020855717347
LeftExtThalamus_SmallAreaEmphasis,0.0007937812850991893
RightCCGenu_Imc1,0.0007936440903101262
RightCST_Correlation,0.0007874994837539792
LeftInsideThalamus_Energy,0.0007863179983346186
RightPosterior_Imc1,0.0007844470570875017
LeftCCGenu_DifferenceEntropy,0.0007784680214160475
RightLateralVentricle_InterquartileRange,0.0007758648690923841
RightLateralVentricle_10Percentile,0.0007752025542656061
RightInsideThalamus_SumAverage,0.0007750087664565884
LeftCaudate_Idm,0.0007695463472274473
RightSuperior_SizeZoneNonUniformity,0.0007692277177721847
RightExtThalamus_Correlation,0.0007676436749979904
LeftPosterior_GrayLevelVariance,0.0007653662548134273
RightIntThalamus_ClusterProminence,0.0007646249352539616
LeftRedNucleus_Contrast,0.0007639996860668505
LeftCaudate_JointEnergy,0.0007626209990180745
RightCCGenu_RobustMeanAbsoluteDeviation,0.000758955070318057
LeftPosterior_Contrast,0.0007576849748414262
RightLateralVentricle_Minimum,0.0007564877767043836
RightVentricle_JointEnergy,0.0007546084789363428
RightSuperior_ZonePercentage,0.0007532692679510715
LeftLateralVentricle_Correlation,0.0007506871497400852
RightCST_ClusterShade,0.0007488882860961505
RightInsideThalamus_DifferenceVariance,0.0007488099659927591
RightCCSplenium_InterquartileRange,0.0007478878116014418
LeftSuperior_Idm,0.0007476758895519492
LeftFrontal_JointEnergy,0.0007472444194586539
LeftPutamen_Contrast,0.0007470859731920799
RightFrontal_Autocorrelation,0.0007469463978670749
RightSuperior_HighGrayLevelZoneEmphasis,0.0007448270306339676
LeftCCGenu_SumEntropy,0.0007446421983045941
RightSuperior_LowGrayLevelZoneEmphasis,0.000742086851575324
LeftSuperior_Range,0.0007400074306949567
LeftPosterior_StandardDeviation,0.0007366681270293087
RightRedNucleus_HighGrayLevelZoneEmphasis,0.0007341026207386462
RightIntThalamus_DifferenceAverage,0.0007337731302931576
RightSuperior_JointEntropy,0.0007336129456720637
LeftIntThalamus_SumEntropy,0.0007318691461371839
RightCaudate_90Percentile,0.0007317944017603386
LeftCaudate_DifferenceAverage,0.0007312961439225908
LeftExtThalamus_ZoneVariance,0.000730265891254337
LeftInsideThalamus_Correlation,0.0007296247775859155
LeftCCGenu_Median,0.0007292148176936169
LeftCaudate_MCC,0.0007289680062686349
RightCST_Imc1,0.0007271065690565203
LeftCCGenu_StandardDeviation,0.0007235280392720295
RightCCSplenium_SmallAreaEmphasis,0.0007215883628642677
LeftPosterior_Idm,0.000721501360674671
LeftPutamen_JointEntropy,0.0007214756778903697
LeftCCSplenium_LowGrayLevelZoneEmphasis,0.0007189661974132112
RightLateralVentricle_Contrast,0.0007159747728059053
RightCaudate_JointAverage,0.0007142543843159232
LeftIntThalamus_ClusterProminence,0.0007104549550882875
LeftIntThalamus_SizeZoneNonUniformityNormalized,0.0007029476068911901
RightVentricle_JointAverage,0.0006981495210431606
LeftCaudate_DifferenceVariance,0.0006981208366644595
LeftFrontal_Skewness,0.0006969568574130279
RightSuperior_Imc2,0.000695371324981484
RightPosterior_Correlation,0.0006953177565480264
LeftRedNucleus_Imc1,0.0006937995289327325
RightVentricle_LowGrayLevelZoneEmphasis,0.0006913306684533733
RightRedNucleus_InterquartileRange,0.0006891271712740823
LeftCaudate_ZonePercentage,0.0006884724038135703
LeftExtThalamus_90Percentile,0.0006882180016541151
LeftCCGenu_Correlation,0.0006861958669181746
LeftLateralVentricle_SumSquares,0.0006859166707866446
RightLateralVentricle_SmallAreaEmphasis,0.000684931232369767
RightIntThalamus_Maximum,0.0006840016676777451
LeftIntThalamus_Energy,0.0006835354697436893
LeftFrontal_Kurtosis,0.0006828273053286801
RightFrontal_SizeZoneNonUniformity,0.0006811310193573486
LeftIntThalamus_DifferenceEntropy,0.000680203955753209
RightIntThalamus_Range,0.0006799717654040397
LeftInsideThalamus_ZonePercentage,0.0006783678446362564
RightPosterior_SumEntropy,0.0006740982839100858
LeftLateralVentricle_ZonePercentage,0.0006714494170780423
RightLateralVentricle_SumAverage,0.0006708514927394571
RightLateralVentricle_MaximumProbability,0.0006671384297184607
LeftIntThalamus_SumSquares,0.0006662454143482847
LeftInsideThalamus_MaximumProbability,0.0006661052816223501
RightCCSplenium_Uniformity,0.0006634612339658657
RightPutamen_Mean,0.0006630740064574213
LeftRedNucleus_StandardDeviation,0.0006628718734626561
RightIntThalamus_HighGrayLevelZoneEmphasis,0.0006625243497203155
RightCaudate_10Percentile,0.0006601220262175938
LeftVentricle_DifferenceAverage,0.0006594498246987762
LeftPosterior_DifferenceVariance,0.0006593506136781652
LeftCaudate_GrayLevelNonUniformity,0.0006578732206141992
RightVentricle_SizeZoneNonUniformityNormalized,0.000656912674597651
RightCaudate_SmallAreaEmphasis,0.0006566233475871783
LeftPutamen_Minimum,0.0006564690776576809
LeftVentricle_Entropy,0.0006545239775240306
LeftLateralVentricle_LowGrayLevelZoneEmphasis,0.0006537498191971585
RightPosterior_ZonePercentage,0.0006537105139471464
RightInsideThalamus_Idm,0.0006525305659173373
RightRedNucleus_ClusterShade,0.0006488045921671689
LeftCCSplenium_SmallAreaEmphasis,0.0006485687233500888
LeftInsideThalamus_Imc1,0.0006485329780514825
LeftRedNucleus_SizeZoneNonUniformityNormalized,0.0006451979605991505
RightCST_Uniformity,0.0006426271437715883
LeftPutamen_Maximum,0.0006397970744638496
RightPosterior_JointEntropy,0.0006382734774293286
LeftPutamen_SumSquares,0.0006375779302519585
LeftInsideThalamus_InverseVariance,0.0006364274224738117
RightInsideThalamus_RootMeanSquared,0.0006362038501930645
LeftPutamen_Energy,0.0006359922194846733
LeftPutamen_Imc1,0.0006346543351627287
LeftVentricle_Minimum,0.000631393220431812
LeftRedNucleus_LargeAreaEmphasis,0.0006289860967138481
LeftPosterior_MaximumProbability,0.0006287102980577885
RightFrontal_ZoneVariance,0.0006274543779933833
LeftExtThalamus_Energy,0.0006256143706312897
LeftCST_ClusterProminence,0.0006248655058965559
RightSuperior_Imc1,0.0006225377464898364
LeftCST_ZoneVariance,0.0006207176471261368
RightPosterior_Entropy,0.00062063075078804
RightPosterior_Uniformity,0.0006183812002868007
LeftCST_SmallAreaEmphasis,0.0006175503496333685
LeftInsideThalamus_JointAverage,0.000616711690856552
RightIntThalamus_RootMeanSquared,0.0006165207790362812
LeftInsideThalamus_90Percentile,0.0006162143054215241
LeftRedNucleus_DifferenceEntropy,0.000612872983974116
LeftCaudate_Contrast,0.0006123456655995413
RightLateralVentricle_LowGrayLevelZoneEmphasis,0.0006109278843027645
LeftPosterior_SizeZoneNonUniformity,0.0006106742057194808
RightCaudate_RootMeanSquared,0.0006090317633438742
RightLateralVentricle_Kurtosis,0.0006083764947898071
LeftSuperior_Uniformity,0.0006076241378087185
RightCaudate_ZonePercentage,0.0006074943225204434
RightInsideThalamus_GrayLevelVariance,0.0006063372339261762
RightInsideThalamus_Correlation,0.0006060941824977219
LeftExtThalamus_Kurtosis,0.0006060677147622432
LeftFrontal_LowGrayLevelZoneEmphasis,0.0006050226594291814
LeftLateralVentricle_90Percentile,0.0006044727340784014
LeftRedNucleus_DifferenceVariance,0.0006037154490607353
LeftPosterior_InverseVariance,0.000603348112328111
LeftPosterior_RobustMeanAbsoluteDeviation,0.0006013570579215512
LeftExtThalamus_MeanAbsoluteDeviation,0.0006008650788986942
RightFrontal_ZoneEntropy,0.0006006088967393186
LeftInsideThalamus_Mean,0.0005990223888907957
LeftCST_LargeAreaEmphasis,0.0005958416761568499
LeftCCSplenium_SizeZoneNonUniformity,0.0005953383946018698
RightInsideThalamus_Autocorrelation,0.0005950086858352487
LeftFrontal_SumEntropy,0.0005933945809070396
LeftVentricle_RobustMeanAbsoluteDeviation,0.0005931032681801737
LeftSuperior_SizeZoneNonUniformity,0.0005927692589582057
LeftRedNucleus_ZoneEntropy,0.0005901824922601269
RightInsideThalamus_MaximumProbability,0.0005899293689189711
RightLateralVentricle_GrayLevelNonUniformity,0.0005872387536258363
RightPutamen_SmallAreaEmphasis,0.0005843489280609661
LeftCST_Imc1,0.0005837886674328011
LeftIntThalamus_HighGrayLevelZoneEmphasis,0.0005832019154482792
RightCaudate_ZoneVariance,0.0005828938543048314
RightFrontal_ZonePercentage,0.0005828109939377264
RightLateralVentricle_DifferenceAverage,0.0005811645366810488
RightFrontal_Imc2,0.0005806561064375953
RightRedNucleus_SmallAreaEmphasis,0.0005804265919451884
RightExtThalamus_Skewness,0.0005796726960789316
RightCCGenu_DifferenceAverage,0.000579510177551865
LeftVentricle_LargeAreaEmphasis,0.0005790232318241906
RightLateralVentricle_ZonePercentage,0.0005785070773480336
LeftInsideThalamus_MeanAbsoluteDeviation,0.0005776160755557241
RightCCGenu_SumSquares,0.0005769226832704426
LeftLateralVentricle_JointEnergy,0.0005753411555760046
LeftLateralVentricle_Imc1,0.0005747307118355969
LeftCaudate_Range,0.0005740516486249319
RightPutamen_LowGrayLevelZoneEmphasis,0.0005737299447120117
RightVentricle_ClusterProminence,0.000573008040268127
RightVentricle_Imc2,0.0005721309087945966
LeftCaudate_90Percentile,0.000571528348623785
LeftLateralVentricle_SmallAreaEmphasis,0.000571104916192594
LeftSuperior_LargeAreaEmphasis,0.0005683969743048274
RightCST_SmallAreaEmphasis,0.0005672956513392272
LeftFrontal_InverseVariance,0.0005670939267560913
LeftExtThalamus_LowGrayLevelZoneEmphasis,0.0005656783303700398
RightRedNucleus_Uniformity,0.0005645816195067681
RightPosterior_Range,0.0005642142907129799
LeftCaudate_Maximum,0.0005618926594881457
LeftCCGenu_Kurtosis,0.0005617139371723359
LeftVentricle_LowGrayLevelZoneEmphasis,0.0005600804712029601
RightCST_SizeZoneNonUniformity,0.0005596458755897087
LeftExtThalamus_GrayLevelNonUniformity,0.0005586839688034431
RightVentricle_Correlation,0.0005549312729702172
RightExtThalamus_DifferenceVariance,0.0005548287500169335
RightCaudate_RobustMeanAbsoluteDeviation,0.000553738191155717
LeftCCGenu_90Percentile,0.0005535868730411084
RightCaudate_JointEnergy,0.0005531997466571476
RightPutamen_JointEntropy,0.0005531851263457154
RightRedNucleus_Kurtosis,0.0005505504677382456
LeftVentricle_Autocorrelation,0.0005498324300343113
RightCCSplenium_Correlation,0.0005493511633425343
RightExtThalamus_LowGrayLevelZoneEmphasis,0.0005488700218130632
LeftExtThalamus_SumSquares,0.000548372988092902
LeftCST_SumSquares,0.0005483464909873067
LeftExtThalamus_InterquartileRange,0.0005480774934326392
LeftCaudate_RobustMeanAbsoluteDeviation,0.0005475700054191272
LeftRedNucleus_JointEnergy,0.0005472617871521247
LeftIntThalamus_Autocorrelation,0.0005462627866627182
LeftPutamen_ZoneEntropy,0.0005452667893873691
RightCaudate_DifferenceVariance,0.0005440198447239002
LeftLateralVentricle_RootMeanSquared,0.0005439899406474061
RightCCGenu_GrayLevelNonUniformity,0.0005431588724730873
LeftRedNucleus_SmallAreaEmphasis,0.0005431476034194495
LeftCCSplenium_Autocorrelation,0.0005425487850933076
RightVentricle_DifferenceVariance,0.0005415457843370527
RightVentricle_ZoneEntropy,0.0005415072270199368
RightPosterior_Kurtosis,0.0005409666952124791
LeftVentricle_SumEntropy,0.0005384297375640167
LeftIntThalamus_Skewness,0.0005381536369805476
RightCST_JointEnergy,0.0005375463744460385
RightSuperior_SizeZoneNonUniformityNormalized,0.0005364037811755452
LeftFrontal_SizeZoneNonUniformityNormalized,0.0005363586647489925
RightInsideThalamus_SizeZoneNonUniformityNormalized,0.0005361410398746829
RightIntThalamus_InverseVariance,0.0005359891122680535
RightVentricle_MaximumProbability,0.0005345705755089223
RightCCGenu_SizeZoneNonUniformity,0.0005336682752712482
LeftIntThalamus_MaximumProbability,0.0005326155338835181
RightRedNucleus_Skewness,0.000532315920873231
LeftCCGenu_ClusterProminence,0.0005318936091268328
LeftSuperior_ZoneVariance,0.0005298962512067622
RightRedNucleus_SizeZoneNonUniformityNormalized,0.0005295776832694895
RightSuperior_ClusterProminence,0.0005293896942037773
LeftCaudate_LargeAreaEmphasis,0.0005287211989266973
LeftCaudate_Entropy,0.0005263986033181104
RightLateralVentricle_ClusterShade,0.0005263580545558509
RightCCSplenium_LargeAreaEmphasis,0.0005248181527440054
RightCaudate_LargeAreaEmphasis,0.0005233397660107312
LeftFrontal_ZonePercentage,0.0005229099759443191
RightInsideThalamus_HighGrayLevelZoneEmphasis,0.0005223725458196116
LeftSuperior_SmallAreaEmphasis,0.0005213300705714265
RightExtThalamus_SmallAreaEmphasis,0.0005206485449050461
LeftVentricle_MeanAbsoluteDeviation,0.0005188797593477283
RightExtThalamus_Autocorrelation,0.000518549808046988
RightSuperior_Autocorrelation,0.0005184383468643673
LeftVentricle_JointEnergy,0.0005180452863487796
RightRedNucleus_10Percentile,0.000518031740685046
LeftInsideThalamus_RootMeanSquared,0.0005180052146879365
RightInsideThalamus_Maximum,0.0005170909331401749
RightPutamen_Kurtosis,0.0005168629623757445
RightCCSplenium_Entropy,0.0005124818527643287
LeftVentricle_SizeZoneNonUniformity,0.0005109505633217511
RightCaudate_DifferenceEntropy,0.0005101034836559897
RightCST_Entropy,0.0005092526647365621
RightFrontal_Skewness,0.0005082765556291055
LeftExtThalamus_Mean,0.0005062891627090944
LeftCCSplenium_90Percentile,0.0005037651348287435
RightInsideThalamus_Median,0.0005037174041532388
LeftRedNucleus_Energy,0.0005036435336554345
LeftCCSplenium_Maximum,0.0005029828170294598
LeftInsideThalamus_ZoneVariance,0.0005026361794152257
LeftExtThalamus_GrayLevelVariance,0.0005010109211654154
LeftSuperior_ZonePercentage,0.0005005054570808092
LeftCST_SumEntropy,0.0005001526721256509
LeftCaudate_SizeZoneNonUniformity,0.0004999274924657104
LeftInsideThalamus_Uniformity,0.0004999023566101275
LeftVentricle_MaximumProbability,0.0004987154442894961
RightRedNucleus_Correlation,0.0004967180202833792
RightCST_GrayLevelNonUniformity,0.000496503301322941
RightVentricle_Autocorrelation,0.0004962236451560913
LeftIntThalamus_JointEnergy,0.0004959477399256136
RightCCGenu_Kurtosis,0.000494696723212056
LeftRedNucleus_ZonePercentage,0.0004945847626588551
RightCST_SumEntropy,0.0004941891278773121
LeftInsideThalamus_SumAverage,0.0004938809557405666
LeftFrontal_MaximumProbability,0.0004936700673554468
LeftCST_ClusterShade,0.0004916144555365768
RightExtThalamus_Uniformity,0.0004913178287009671
LeftInsideThalamus_Entropy,0.0004901468598899816
LeftPosterior_ZonePercentage,0.0004899364031454196
LeftPutamen_JointAverage,0.0004899278576263495
RightPutamen_InverseVariance,0.0004889629302473056
LeftCST_HighGrayLevelZoneEmphasis,0.0004880544912826263
RightFrontal_Correlation,0.00048805065547027253
LeftFrontal_RobustMeanAbsoluteDeviation,0.0004879852647047301
RightCCSplenium_Energy,0.0004874373611514564
LeftSuperior_SizeZoneNonUniformityNormalized,0.0004873733354080094
LeftIntThalamus_JointAverage,0.0004873150895025175
RightPosterior_LargeAreaEmphasis,0.00048706457729791536
LeftCCSplenium_ZoneEntropy,0.00048701773927680965
RightPosterior_StandardDeviation,0.0004866953134376331
RightLateralVentricle_HighGrayLevelZoneEmphasis,0.0004865623627634769
RightPosterior_MaximumProbability,0.000485654160768095
LeftCCGenu_Maximum,0.0004840913549589815
LeftSuperior_JointEntropy,0.0004840307982704241
LeftInsideThalamus_Maximum,0.0004837346298755223
RightSuperior_GrayLevelNonUniformity,0.00048337899323509017
LeftPosterior_ClusterProminence,0.00048206422615575936
LeftPosterior_Skewness,0.00048060596993673287
RightCST_Kurtosis,0.0004799515719064355
RightCST_Range,0.00047906712925432796
RightCaudate_ClusterProminence,0.00047822897862809325
RightInsideThalamus_DifferenceAverage,0.00047800200449613
RightCST_ZoneEntropy,0.0004775811745873615
LeftExtThalamus_Imc1,0.0004769893666169312
RightCCGenu_JointEnergy,0.00047651560878113634
RightCaudate_Median,0.00047640207488516557
LeftVentricle_InterquartileRange,0.0004750553526405804
LeftCCGenu_Skewness,0.0004746545928029555
LeftCaudate_StandardDeviation,0.00047420693070261607
RightPosterior_SizeZoneNonUniformity,0.0004736944669585314
LeftInsideThalamus_Minimum,0.00047330207240978915
RightPutamen_DifferenceEntropy,0.0004732819198411134
LeftRedNucleus_Entropy,0.0004731577231293053
LeftPosterior_DifferenceEntropy,0.00047270141020185394
LeftVentricle_StandardDeviation,0.00047252839018966
LeftCaudate_HighGrayLevelZoneEmphasis,0.0004724732177068508
LeftExtThalamus_Maximum,0.00047210563904171837
RightCCGenu_SumEntropy,0.00047186558298413305
RightCCSplenium_JointAverage,0.00047141698434562243
RightCST_DifferenceAverage,0.0004710017906450447
LeftExtThalamus_ZonePercentage,0.0004709738587938704
RightPosterior_InterquartileRange,0.0004701386220073471
LeftSuperior_Kurtosis,0.0004689150450607228
LeftPutamen_SmallAreaEmphasis,0.000468905086711841
LeftCaudate_Median,0.0004678821652842395
LeftPutamen_Uniformity,0.00046534131881609123
RightCaudate_JointEntropy,0.00046466809651744454
RightCST_JointAverage,0.0004646111329797663
LeftCCSplenium_GrayLevelNonUniformity,0.00046392162341033974
LeftExtThalamus_SumEntropy,0.00046354087109769563
LeftRedNucleus_Uniformity,0.00046326036909088915
LeftInsideThalamus_ClusterProminence,0.00046321193965511847
LeftPosterior_JointEnergy,0.00046254506388513695
RightIntThalamus_10Percentile,0.0004625349977473697
RightCCSplenium_ZonePercentage,0.00046196324184976544
LeftFrontal_SmallAreaEmphasis,0.00046167320510201687
LeftCaudate_DifferenceEntropy,0.00046074777296305935
RightRedNucleus_Median,0.0004599151109431586
LeftPutamen_SizeZoneNonUniformity,0.0004599136492378103
LeftInsideThalamus_Idm,0.00045744989456947364
LeftInsideThalamus_Range,0.00045735875126558056
RightFrontal_SizeZoneNonUniformityNormalized,0.00045584035448326343
RightIntThalamus_SmallAreaEmphasis,0.00045574186305481686
LeftPutamen_Entropy,0.00045374394793668227
LeftVentricle_ClusterShade,0.00045365723293913895
LeftRedNucleus_GrayLevelNonUniformity,0.00045342907519656196
LeftLateralVentricle_ZoneEntropy,0.0004529233009487277
RightPosterior_SumSquares,0.0004499195384827114
LeftIntThalamus_ClusterShade,0.00044965068904904206
RightInsideThalamus_LargeAreaEmphasis,0.00044917366630424754
LeftLateralVentricle_Maximum,0.00044893289187722965
LeftVentricle_MCC,0.00044826270961817677
LeftLateralVentricle_MCC,0.0004473863472465975
LeftPosterior_GrayLevelNonUniformity,0.00044705703287636455
RightVentricle_StandardDeviation,0.00044553048882257153
LeftVentricle_Median,0.000445423103024167
RightInsideThalamus_Mean,0.0004451800889225319
RightIntThalamus_JointEnergy,0.0004443801454060695
LeftCCSplenium_Kurtosis,0.00044418780929092927
LeftFrontal_JointAverage,0.0004439581038743125
RightPutamen_ZonePercentage,0.0004427074973102707
LeftCST_MaximumProbability,0.0004424473721369018
LeftCaudate_SumSquares,0.00044215784791915914
RightExtThalamus_DifferenceAverage,0.0004410761183063589
RightPutamen_StandardDeviation,0.00044104199544651404
LeftPosterior_MeanAbsoluteDeviation,0.0004405100774555602
LeftCCSplenium_ZonePercentage,0.00043728064305419145
LeftSuperior_Imc2,0.00043726894710153694
LeftPutamen_MCC,0.00043662095073186946
LeftPutamen_Idm,0.0004361505581305826
LeftSuperior_LowGrayLevelZoneEmphasis,0.0004361467671542727
RightCaudate_GrayLevelVariance,0.00043583204308143554
RightVentricle_ZonePercentage,0.0004355163539100906
LeftFrontal_DifferenceAverage,0.00043539730000391566
LeftPutamen_GrayLevelNonUniformity,0.0004352541984056381
RightInsideThalamus_DifferenceEntropy,0.00043401932689389705
RightCCSplenium_ClusterShade,0.0004337845848745569
RightInsideThalamus_SizeZoneNonUniformity,0.00043361099774102583
LeftCaudate_10Percentile,0.0004335045582777517
LeftSuperior_DifferenceVariance,0.00043292501361060984
LeftRedNucleus_HighGrayLevelZoneEmphasis,0.00043212083393300916
RightCST_MeanAbsoluteDeviation,0.0004320511668020925
RightPutamen_Autocorrelation,0.0004318427916947707
RightPutamen_ClusterShade,0.00043115072957083505
LeftCST_JointEntropy,0.0004298066904949101
RightPosterior_RobustMeanAbsoluteDeviation,0.00042967389076671846
LeftCCGenu_JointEntropy,0.0004295979408740813
LeftCaudate_SmallAreaEmphasis,0.0004295762645836471
RightCaudate_SumEntropy,0.0004292658880709578
LeftInsideThalamus_DifferenceEntropy,0.0004291247432628898
RightRedNucleus_LowGrayLevelZoneEmphasis,0.00042893407106036084
LeftFrontal_Contrast,0.0004287661140939893
LeftIntThalamus_MeanAbsoluteDeviation,0.0004285788884883081
LeftSuperior_StandardDeviation,0.00042810097918242107
LeftInsideThalamus_Autocorrelation,0.0004278857553565698
LeftCCSplenium_Uniformity,0.0004260545965994383
LeftLateralVentricle_DifferenceEntropy,0.0004254106061922007
RightPutamen_RobustMeanAbsoluteDeviation,0.00042511674160339893
RightLateralVentricle_SumSquares,0.00042435255217430044
LeftCaudate_JointEntropy,0.00042416975270388805
RightSuperior_Range,0.0004238257081852125
LeftCCSplenium_SizeZoneNonUniformityNormalized,0.00042381967876198886
LeftLateralVentricle_Mean,0.00042299895122759377
LeftFrontal_HighGrayLevelZoneEmphasis,0.00042111146193120515
RightFrontal_HighGrayLevelZoneEmphasis,0.0004202419207122145
LeftRedNucleus_90Percentile,0.0004200301813725569
RightCCGenu_ZoneVariance,0.00041826379378626197
LeftCCSplenium_JointAverage,0.00041816166761310614
RightPosterior_JointEnergy,0.000417955340738322
RightCST_Autocorrelation,0.000417649714130066
LeftFrontal_Correlation,0.0004173980776177946
RightVentricle_RobustMeanAbsoluteDeviation,0.0004168119956253054
RightExtThalamus_SumAverage,0.0004160861025162346
LeftRedNucleus_ClusterProminence,0.00041554895488639864
LeftSuperior_InverseVariance,0.0004147575460170259
LeftInsideThalamus_InterquartileRange,0.00041452012115596453
LeftLateralVentricle_10Percentile,0.0004138267765393874
RightIntThalamus_GrayLevelVariance,0.00041355642857243013
LeftFrontal_MeanAbsoluteDeviation,0.00041151423310431155
LeftCCGenu_LargeAreaEmphasis,0.00041049899607493653
LeftExtThalamus_Entropy,0.00040970756678887987
RightFrontal_Uniformity,0.00040848351359284806
RightCCSplenium_Imc2,0.00040822366791734956
LeftIntThalamus_StandardDeviation,0.0004066544956635339
RightVentricle_Kurtosis,0.00040652688394160973
LeftCCSplenium_Imc2,0.0004064403172736764
RightInsideThalamus_Imc2,0.00040557611448972347
RightPutamen_Imc2,0.00040520418656403857
RightExtThalamus_MCC,0.00040489158954542306
LeftVentricle_Range,0.000404135327339983
RightExtThalamus_Kurtosis,0.0004036291132447979
LeftCCSplenium_DifferenceAverage,0.00040329905555284295
RightSuperior_SumAverage,0.00040318452186959247
LeftSuperior_GrayLevelVariance,0.0004022709599968645
LeftIntThalamus_GrayLevelVariance,0.0004021856583401847
LeftFrontal_Uniformity,0.00040096941243587293
LeftFrontal_LargeAreaEmphasis,0.0004004082492826574
LeftInsideThalamus_DifferenceAverage,0.00040037104213634384
RightRedNucleus_SumEntropy,0.0004002535243280675
RightFrontal_RobustMeanAbsoluteDeviation,0.00039982056032114013
RightExtThalamus_ZonePercentage,0.00039890179237274425
LeftCST_SizeZoneNonUniformity,0.0003985282432159639
RightSuperior_MaximumProbability,0.0003985106865261652
RightCST_GrayLevelVariance,0.00039770670390288856
LeftRedNucleus_RootMeanSquared,0.0003968442874258922
RightIntThalamus_GrayLevelNonUniformity,0.00039673377723261163
RightSuperior_Entropy,0.00039638365659340556
RightIntThalamus_SizeZoneNonUniformity,0.00039594498636008314
RightIntThalamus_StandardDeviation,0.0003955479853070932
LeftRedNucleus_InterquartileRange,0.00039549264465593855
LeftVentricle_ZoneEntropy,0.00039476071216958087
RightPosterior_MCC,0.00039327762636168386
RightExtThalamus_SizeZoneNonUniformityNormalized,0.00039325834125848085
RightInsideThalamus_Contrast,0.00039262540800785636
RightSuperior_Skewness,0.00039212014006692717
RightPosterior_DifferenceEntropy,0.0003920353323016952
LeftLateralVentricle_Median,0.00039118557131481366
LeftCaudate_Mean,0.00039088864761465227
RightPutamen_Uniformity,0.0003903072451712074
LeftIntThalamus_JointEntropy,0.00039005156863463583
LeftIntThalamus_Correlation,0.00038983909631315304
LeftPutamen_10Percentile,0.000388963906581152
RightExtThalamus_Mean,0.00038863688540579874
RightPosterior_Contrast,0.00038788779758066683
LeftCCSplenium_MeanAbsoluteDeviation,0.0003873772130310822
RightVentricle_RootMeanSquared,0.0003872343487824222
LeftSuperior_Entropy,0.0003857689584795841
RightInsideThalamus_Imc1,0.00038429386594180314
RightCCSplenium_DifferenceVariance,0.0003839228445707725
LeftVentricle_Mean,0.0003823154401991582
RightPosterior_DifferenceAverage,0.0003819265362813298
LeftVentricle_Imc1,0.0003814356637220758
RightLateralVentricle_MCC,0.00038131063767681716
LeftCCGenu_GrayLevelNonUniformity,0.00038095542551877136
RightExtThalamus_SumEntropy,0.0003807662625115384
LeftCCGenu_MeanAbsoluteDeviation,0.0003805112823409986
RightSuperior_LargeAreaEmphasis,0.00037995360185257053
RightCaudate_Energy,0.00037958126927991454
LeftCCGenu_InverseVariance,0.00037909354806734205
RightCST_SizeZoneNonUniformityNormalized,0.0003789672641323598
RightIntThalamus_Idm,0.00037870543710519103
RightPosterior_GrayLevelVariance,0.0003778453979518312
LeftVentricle_ZonePercentage,0.0003763445758334443
RightCaudate_Range,0.0003759908464182119
LeftExtThalamus_Minimum,0.00037581020619881174
LeftCCSplenium_Entropy,0.00037575038087269417
LeftCCGenu_HighGrayLevelZoneEmphasis,0.00037447618437402115
LeftCCSplenium_SumAverage,0.00037442022533394766
LeftCCGenu_MaximumProbability,0.00037410385352909753
LeftCaudate_RootMeanSquared,0.00037281335138417555
RightCST_InverseVariance,0.0003727332068874309
RightCaudate_MCC,0.0003723703308238692
RightCST_ClusterProminence,0.00037170802688293766
RightLateralVentricle_Mean,0.00036988302125848927
LeftVentricle_GrayLevelVariance,0.0003697356061133632
RightCCSplenium_GrayLevelVariance,0.00036964357716704935
LeftFrontal_Imc1,0.00036927719743359215
LeftCCSplenium_DifferenceVariance,0.00036915155705820205
LeftCaudate_GrayLevelVariance,0.0003688190501055902
RightExtThalamus_10Percentile,0.0003686081501397616
LeftCST_DifferenceVariance,0.00036841512907675783
RightExtThalamus_LargeAreaEmphasis,0.00036715670689187164
RightPutamen_HighGrayLevelZoneEmphasis,0.0003664531176533547
RightVentricle_InterquartileRange,0.0003663617357245765
LeftCST_ZoneEntropy,0.00036595918514417973
LeftCaudate_Skewness,0.0003657093373939323
LeftSuperior_ClusterProminence,0.00036534915568536375
LeftSuperior_JointAverage,0.00036457955415711686
LeftCaudate_Energy,0.00036249804596233983
LeftVentricle_ZoneVariance,0.00036249713873463054
RightIntThalamus_DifferenceEntropy,0.00036192092910346333
LeftExtThalamus_SumAverage,0.00036176067004174695
RightVentricle_Imc1,0.0003611126815795161
RightCCSplenium_MeanAbsoluteDeviation,0.00036071265473655784
RightLateralVentricle_ClusterProminence,0.0003606552207067158
LeftCaudate_Uniformity,0.00036047340239916584
LeftCaudate_MaximumProbability,0.0003600488458165902
RightCaudate_Idm,0.00035987229220928803
RightExtThalamus_DifferenceEntropy,0.0003590590306172937
RightRedNucleus_DifferenceVariance,0.0003573654436719202
RightCCSplenium_Skewness,0.00035721040020765294
RightSuperior_StandardDeviation,0.00035668078563048217
LeftExtThalamus_HighGrayLevelZoneEmphasis,0.00035184446912133523
LeftVentricle_SumAverage,0.00035047850635826217
RightVentricle_JointEntropy,0.0003481110230077274
RightCaudate_Entropy,0.00034785256738860653
RightPosterior_GrayLevelNonUniformity,0.0003475000045688503
RightVentricle_SmallAreaEmphasis,0.00034732732116770986
RightInsideThalamus_RobustMeanAbsoluteDeviation,0.00034696559025978985
RightRedNucleus_Maximum,0.0003466742565279145
LeftPutamen_InverseVariance,0.000346504717917175
RightIntThalamus_Uniformity,0.00034646500257727136
RightSuperior_SmallAreaEmphasis,0.0003453766631406598
RightCCSplenium_InverseVariance,0.0003448974165809154
RightFrontal_JointAverage,0.00034479007660110495
LeftVentricle_DifferenceEntropy,0.0003445083287678195
RightExtThalamus_Imc2,0.0003430601082200831
LeftExtThalamus_Range,0.0003430364443071736
LeftCaudate_Minimum,0.0003428390144171451
LeftVentricle_Kurtosis,0.00034279400761793005
LeftPosterior_SumSquares,0.00034134191281387635
RightIntThalamus_MaximumProbability,0.0003412560335435304
RightVentricle_Uniformity,0.00034102107233019554
RightVentricle_MeanAbsoluteDeviation,0.00033970873158735204
LeftLateralVentricle_JointAverage,0.0003397035389522397
LeftLateralVentricle_Energy,0.000337666574453517
LeftSuperior_Contrast,0.00033738995376272326
RightIntThalamus_JointEntropy,0.00033724484754182443
RightInsideThalamus_GrayLevelNonUniformity,0.00033685776971764696
RightCaudate_DifferenceAverage,0.00033684267407760164
LeftCaudate_JointAverage,0.0003351433611173035
LeftCCSplenium_Imc1,0.0003344999540795059
LeftInsideThalamus_SmallAreaEmphasis,0.0003342024186367952
LeftLateralVentricle_SizeZoneNonUniformityNormalized,0.00033381092589250256
LeftVentricle_ClusterProminence,0.000332504304001216
LeftIntThalamus_SizeZoneNonUniformity,0.00033238484040842674
RightPutamen_Idm,0.0003323152265190782
RightFrontal_SumSquares,0.0003315393185610099
RightPutamen_SizeZoneNonUniformityNormalized,0.00033073551879816694
RightCCGenu_ClusterProminence,0.0003303013710249836
RightPosterior_Imc2,0.0003294953797058237
RightVentricle_LargeAreaEmphasis,0.0003292340177184953
RightSuperior_GrayLevelVariance,0.0003292292946897491
RightVentricle_ClusterShade,0.0003291151147460909
RightExtThalamus_SumSquares,0.0003282266921164212
RightFrontal_Kurtosis,0.00032796751768363356
RightCCSplenium_DifferenceEntropy,0.0003275680467798305
RightInsideThalamus_StandardDeviation,0.00032729738972485904
LeftPosterior_SmallAreaEmphasis,0.00032652575798492107
LeftCaudate_SumAverage,0.00032636909801355557
RightSuperior_SumSquares,0.00032620264418334305
LeftPutamen_StandardDeviation,0.000323429724393893
RightExtThalamus_JointEnergy,0.0003210933707904672
RightFrontal_JointEntropy,0.00031890345521525464
LeftCCGenu_Imc1,0.00031886361835802777
LeftVentricle_JointEntropy,0.0003187171021895417
RightVentricle_Skewness,0.0003184915856687547
RightVentricle_MCC,0.00031846670673109855
LeftCST_RobustMeanAbsoluteDeviation,0.00031838484094608697
RightExtThalamus_InverseVariance,0.00031819864188318295
LeftExtThalamus_JointEntropy,0.00031643951831091796
LeftLateralVentricle_ClusterShade,0.0003164193672856154
LeftVentricle_Imc2,0.0003158475735538776
LeftCCGenu_ZoneEntropy,0.00031559949061673594
LeftPutamen_LargeAreaEmphasis,0.0003153616622107143
RightExtThalamus_Maximum,0.00031437470561535263
LeftVentricle_DifferenceVariance,0.00031339116090778297
LeftPosterior_DifferenceAverage,0.0003133854437571319
LeftInsideThalamus_SumEntropy,0.0003131708364976278
RightCST_MCC,0.00031307017621658726
RightLateralVentricle_Correlation,0.00031257973971567224
RightRedNucleus_GrayLevelVariance,0.0003125680290772916
RightCCSplenium_ClusterProminence,0.0003124488828733622
LeftCCGenu_ClusterShade,0.00031242277447973796
RightRedNucleus_Idm,0.0003107271578148188
RightCCSplenium_HighGrayLevelZoneEmphasis,0.00030874694207526463
RightIntThalamus_ZoneEntropy,0.00030872050880564205
LeftVentricle_HighGrayLevelZoneEmphasis,0.00030787158747309023
RightCaudate_InverseVariance,0.0003078029662386423
RightLateralVentricle_Imc2,0.00030740551280227906
LeftInsideThalamus_10Percentile,0.0003069086478259356
RightPutamen_Range,0.0003067321010915706
RightExtThalamus_RootMeanSquared,0.000305942046951709
RightFrontal_GrayLevelNonUniformity,0.00030552901365321774
LeftLateralVentricle_Minimum,0.00030539256263722314
RightIntThalamus_ZoneVariance,0.00030507848240044416
LeftVentricle_RootMeanSquared,0.0003050488521745263
RightExtThalamus_Imc1,0.00030412976124665343
RightPutamen_MeanAbsoluteDeviation,0.00030409359786445376
RightCST_LargeAreaEmphasis,0.00030321304313857115
LeftInsideThalamus_Kurtosis,0.00030295635713537943
RightLateralVentricle_RootMeanSquared,0.00030270947322069886
LeftLateralVentricle_ZoneVariance,0.00030142011294424423
LeftSuperior_ZoneEntropy,0.00030124053537802624
RightCCGenu_LargeAreaEmphasis,0.0003012272916859307
LeftCST_GrayLevelNonUniformity,0.0002996534283298262
RightPutamen_10Percentile,0.0002995990573467382
RightLateralVentricle_Energy,0.00029850103317143354
LeftFrontal_SumSquares,0.0002980555505695416
LeftCST_GrayLevelVariance,0.0002966317627566827
LeftPosterior_Range,0.00029485842776648266
RightCCSplenium_Idm,0.0002944749875955753
RightFrontal_DifferenceEntropy,0.00029430806422470657
RightInsideThalamus_Uniformity,0.0002938183550219326
RightPutamen_ClusterProminence,0.0002925836137374482
LeftExtThalamus_JointAverage,0.0002925439166391533
RightFrontal_Idm,0.0002924125201257129
RightLateralVentricle_RobustMeanAbsoluteDeviation,0.00029170559151799015
LeftCCGenu_JointAverage,0.00029096785947616043
LeftLateralVentricle_HighGrayLevelZoneEmphasis,0.00029084736719106835
LeftVentricle_SizeZoneNonUniformityNormalized,0.00029027316550979046
LeftCST_DifferenceAverage,0.000289987396857308
LeftSuperior_Skewness,0.00028934412559982316
LeftLateralVentricle_InverseVariance,0.0002889102868304554
LeftVentricle_Idm,0.00028861573541152935
LeftRedNucleus_DifferenceAverage,0.0002879876149109402
LeftCST_Idm,0.00028731609345324484
RightPutamen_DifferenceAverage,0.00028638328967303347
RightSuperior_ClusterShade,0.0002861134722850305
LeftPutamen_ClusterShade,0.000285177656548793
LeftCST_Skewness,0.0002847829140688295
LeftPosterior_InterquartileRange,0.00028470588378644665
LeftPosterior_SumEntropy,0.0002843855054757486
RightCST_ZoneVariance,0.00028375645826594204
RightInsideThalamus_Skewness,0.00028346508960764904
LeftCaudate_Imc2,0.00028252932695454314
RightFrontal_Imc1,0.0002824106088561468
LeftExtThalamus_StandardDeviation,0.00028234405164863217
RightCCSplenium_SumSquares,0.00028168647343187374
LeftVentricle_SumSquares,0.0002816190887745945
LeftVentricle_InverseVariance,0.000281561868979359
RightIntThalamus_Minimum,0.00028089281260016015
LeftInsideThalamus_JointEntropy,0.00028044110319588135
LeftLateralVentricle_Autocorrelation,0.00028005862942241644
LeftFrontal_SumAverage,0.00027857531268082165
LeftCST_DifferenceEntropy,0.0002778089065663718
RightPutamen_Imc1,0.00027721377601137376
LeftLateralVentricle_Imc2,0.0002770278326396789
LeftExtThalamus_ClusterShade,0.00027664018265850717
RightRedNucleus_Autocorrelation,0.00027586877133367116
RightExtThalamus_ZoneEntropy,0.00027553902972811124
LeftExtThalamus_Contrast,0.00027514311376080204
LeftCCSplenium_HighGrayLevelZoneEmphasis,0.0002749889892090033
RightPutamen_Entropy,0.00027465308696580866
RightPutamen_InterquartileRange,0.00027379642913546147
RightVentricle_Maximum,0.00027313343176296544
LeftRedNucleus_ZoneVariance,0.0002729814866427112
RightVentricle_Contrast,0.00027234551342134885
LeftInsideThalamus_Contrast,0.0002708374551952413
RightPutamen_SumSquares,0.00027068286025926704
LeftCaudate_ZoneEntropy,0.0002705520290627459
LeftVentricle_Uniformity,0.0002704057079518116
RightCST_SumSquares,0.0002702140406467217
RightPosterior_Autocorrelation,0.0002699889980686563
RightExtThalamus_ClusterShade,0.00026967880431133474
RightCCGenu_DifferenceEntropy,0.0002688405132654937
RightCCGenu_LowGrayLevelZoneEmphasis,0.0002686203383326239
RightInsideThalamus_SmallAreaEmphasis,0.0002685332009226559
LeftIntThalamus_DifferenceVariance,0.0002681122726585132
RightCCGenu_Idm,0.00026707148876162613
RightCCGenu_SmallAreaEmphasis,0.0002665802879001212
RightFrontal_MaximumProbability,0.00026654469296116394
LeftSuperior_Autocorrelation,0.0002641374389009789
LeftRedNucleus_MCC,0.00026393651658811445
RightCaudate_ClusterShade,0.00026356192256437883
RightPosterior_SumAverage,0.0002630252489011165
LeftLateralVentricle_Uniformity,0.00026283376032929277
LeftCCSplenium_MCC,0.00026272612763122267
RightInsideThalamus_InverseVariance,0.00026181141593624316
RightExtThalamus_Idm,0.00026157531780349685
RightRedNucleus_JointEnergy,0.00026108038193786454
LeftRedNucleus_SizeZoneNonUniformity,0.0002605487780246946
LeftRedNucleus_RobustMeanAbsoluteDeviation,0.0002596411417840707
RightCCGenu_SizeZoneNonUniformityNormalized,0.0002590059117727031
RightCCGenu_MeanAbsoluteDeviation,0.00025893545321419633
RightCCSplenium_SumAverage,0.0002588121324366256
RightCCGenu_ZoneEntropy,0.0002585595913628576
RightSuperior_JointEnergy,0.00025822149930035604
LeftInsideThalamus_Median,0.00025734049432232743
LeftFrontal_Autocorrelation,0.0002571836349872643
RightLateralVentricle_Range,0.0002559126090329576
RightExtThalamus_JointAverage,0.00025583003037092216
RightFrontal_SumEntropy,0.0002558247665619405
LeftCST_MCC,0.00025531823043703863
RightVentricle_ZoneVariance,0.00025527336094770833
RightCCGenu_Autocorrelation,0.0002547793351473116
RightLateralVentricle_Autocorrelation,0.0002539845738854166
LeftCCGenu_JointEnergy,0.00025348343348975493
LeftPosterior_JointAverage,0.00025305121371118467
RightVentricle_Range,0.00025269064073165466
RightVentricle_SizeZoneNonUniformity,0.00025124832778161704
RightCaudate_InterquartileRange,0.00025099386354346306
RightRedNucleus_GrayLevelNonUniformity,0.0002504029236778746
LeftLateralVentricle_DifferenceVariance,0.0002502999005862268
RightCaudate_Minimum,0.000250291761321752
LeftVentricle_Skewness,0.00025025826337841413
LeftCaudate_Correlation,0.00025018653689369867
RightIntThalamus_Median,0.0002501026223169561
RightInsideThalamus_SumSquares,0.0002498049666985294
LeftRedNucleus_SumEntropy,0.0002497122170054296
RightInsideThalamus_InterquartileRange,0.0002491528353282075
RightPosterior_DifferenceVariance,0.0002490035540635545
RightFrontal_SmallAreaEmphasis,0.0002489107240901348
RightLateralVentricle_MeanAbsoluteDeviation,0.00024863164870209483
RightIntThalamus_LowGrayLevelZoneEmphasis,0.00024857851691394357
RightLateralVentricle_GrayLevelVariance,0.00024779868710040216
RightSuperior_SumEntropy,0.0002474093115333592
LeftExtThalamus_Autocorrelation,0.00024726909642335063
RightSuperior_DifferenceAverage,0.00024705187430251394
RightInsideThalamus_Energy,0.00024693779275331506
LeftFrontal_SizeZoneNonUniformity,0.00024489501910675423
RightSuperior_InverseVariance,0.00024427926260784625
LeftIntThalamus_RobustMeanAbsoluteDeviation,0.00024422203460761614
LeftInsideThalamus_GrayLevelNonUniformity,0.00024417731024509496
RightPosterior_ZoneVariance,0.00024256180793581197
RightCCSplenium_ZoneVariance,0.0002425026458320578
RightIntThalamus_Kurtosis,0.00024170911343522522
LeftExtThalamus_RobustMeanAbsoluteDeviation,0.00024121465360653536
RightVentricle_90Percentile,0.00024012528678820006
LeftInsideThalamus_RobustMeanAbsoluteDeviation,0.00024002405769876255
RightPutamen_Contrast,0.00023985891778989586
LeftSuperior_SumSquares,0.00023934509482403889
LeftCST_Autocorrelation,0.00023906317137658596
RightCCGenu_Entropy,0.00023858870544674721
RightSuperior_ZoneEntropy,0.0002385863589690488
RightSuperior_JointAverage,0.00023681426625209994
RightCaudate_Uniformity,0.0002361299653032138
LeftCCGenu_Idm,0.0002353673240902251
LeftCCGenu_SizeZoneNonUniformityNormalized,0.0002351355385443064
LeftInsideThalamus_ZoneEntropy,0.00023481847044942662
LeftCST_Entropy,0.00023481601330498328
RightRedNucleus_DifferenceEntropy,0.00023387212871683397
RightInsideThalamus_10Percentile,0.00023369971253105537
LeftExtThalamus_Skewness,0.00023229603659492365
LeftCCGenu_ZonePercentage,0.00023153547830642094
LeftVentricle_Contrast,0.00023096434930228708
LeftCST_LowGrayLevelZoneEmphasis,0.00023074722661812819
LeftExtThalamus_ClusterProminence,0.0002301051422089454
LeftSuperior_InterquartileRange,0.00022911993824856016
RightExtThalamus_Range,0.0002281654206849135
RightRedNucleus_SumSquares,0.000227969436863431
LeftRedNucleus_GrayLevelVariance,0.0002274623329211777
LeftPosterior_Uniformity,0.00022738785345683657
RightCCGenu_GrayLevelVariance,0.00022535895030004194
RightRedNucleus_MaximumProbability,0.00022473699763861003
RightRedNucleus_Imc1,0.00022466921882748376
RightVentricle_Entropy,0.00022430343260574089
RightPutamen_MCC,0.0002227874448792546
LeftExtThalamus_Correlation,0.00022214960741464854
RightExtThalamus_MaximumProbability,0.00022114043502768224
RightCaudate_Maximum,0.00022090913667326858
RightExtThalamus_Contrast,0.00022069527250192746
LeftFrontal_DifferenceVariance,0.0002165623533141651
LeftCCSplenium_GrayLevelVariance,0.00021555277967988986
LeftCCSplenium_Idm,0.00021496739083789183
LeftVentricle_JointAverage,0.00021443034156562772
RightInsideThalamus_Kurtosis,0.00021409298773757094
LeftFrontal_Entropy,0.00021393429662610455
LeftIntThalamus_Entropy,0.00021375395655902032
LeftRedNucleus_MaximumProbability,0.00021374660216190905
LeftExtThalamus_SizeZoneNonUniformity,0.0002132655369310091
RightExtThalamus_StandardDeviation,0.0002128129741234332
RightCCGenu_Imc2,0.0002127893199127908
RightCCSplenium_Imc1,0.0002117641283295347
RightIntThalamus_Mean,0.00021120658001987796
LeftPosterior_ZoneEntropy,0.00021031625627402029
LeftCCGenu_SizeZoneNonUniformity,0.0002096871361529517
RightRedNucleus_MeanAbsoluteDeviation,0.00020938959178043754
LeftPutamen_Imc2,0.00020877433613804134
RightIntThalamus_MeanAbsoluteDeviation,0.00020857380364791282
LeftPosterior_LowGrayLevelZoneEmphasis,0.00020826202705575064
RightCST_SumAverage,0.0002078248885031298
RightVentricle_Energy,0.00020636194343145794
LeftVentricle_SmallAreaEmphasis,0.00020613191706984532
RightFrontal_Range,0.00020548032695128272
RightVentricle_DifferenceAverage,0.000205380824341429
RightInsideThalamus_LowGrayLevelZoneEmphasis,0.0002045858181668826
LeftIntThalamus_ZoneEntropy,0.00020437822345160755
LeftVentricle_GrayLevelNonUniformity,0.00020416389287556083
RightCCSplenium_RobustMeanAbsoluteDeviation,0.0002041230807134988
RightRedNucleus_RobustMeanAbsoluteDeviation,0.0002036103924685169
RightIntThalamus_ZonePercentage,0.00020358394383996698
LeftInsideThalamus_Imc2,0.0002029151016613862
LeftCaudate_LowGrayLevelZoneEmphasis,0.00020233087599051233
RightVentricle_Minimum,0.00020191785739282002
LeftIntThalamus_GrayLevelNonUniformity,0.00020189717365985107
LeftCCGenu_Imc2,0.0002014380061597283
LeftCST_ZonePercentage,0.00020123335682602792
LeftRedNucleus_JointAverage,0.0002010454682657968
RightFrontal_InverseVariance,0.0002007849951854266
RightPutamen_ZoneVariance,0.00020063598146677456
LeftCaudate_MeanAbsoluteDeviation,0.00020029467291220166
LeftPosterior_Autocorrelation,0.00019940812533829333
RightCCGenu_MaximumProbability,0.0001992371829122976
LeftRedNucleus_InverseVariance,0.00019872075058913335
RightPutamen_Skewness,0.0001985617882764099
RightIntThalamus_Autocorrelation,0.00019838026226553888
LeftCST_StandardDeviation,0.00019788575869596932
LeftInsideThalamus_LowGrayLevelZoneEmphasis,0.0001958638807186805
RightRedNucleus_ZoneEntropy,0.0001955359225264617
RightFrontal_Contrast,0.00019550208079786494
LeftExtThalamus_Median,0.00019470572195060744
LeftFrontal_JointEntropy,0.0001945358907005859
LeftCST_SizeZoneNonUniformityNormalized,0.00019406053989270237
RightPutamen_SizeZoneNonUniformity,0.00019396101183613134
LeftCaudate_Kurtosis,0.0001930229906712827
LeftCaudate_ClusterProminence,0.00019221329785992772
RightLateralVentricle_Skewness,0.00019193987724631486
LeftLateralVentricle_Range,0.00019140267423444643
RightFrontal_DifferenceAverage,0.0001909781108374076
LeftInsideThalamus_SumSquares,0.00019049472849539092
RightInsideThalamus_Minimum,0.00018966776427204344
RightVentricle_10Percentile,0.00018962726040809628
LeftCCSplenium_ZoneVariance,0.00018955633180115435
RightCCGenu_Contrast,0.00018948437466153863
LeftCaudate_SumEntropy,0.0001886376455014548
LeftCCGenu_SumSquares,0.00018805783551564356
RightExtThalamus_ClusterProminence,0.00018644580540138597
LeftPosterior_Entropy,0.00018602512378189045
LeftExtThalamus_Imc2,0.00018583995760901558
RightCCGenu_HighGrayLevelZoneEmphasis,0.0001857386895908018
LeftCCGenu_SmallAreaEmphasis,0.00018539676242569186
LeftCCGenu_DifferenceAverage,0.00018503822813265572
LeftLateralVentricle_Contrast,0.00018264046704411725
RightLateralVentricle_Maximum,0.00018232828009536869
LeftCCGenu_LowGrayLevelZoneEmphasis,0.00018155789015180347
RightLateralVentricle_InverseVariance,0.00018136850207797455
RightFrontal_DifferenceVariance,0.00018073823508991482
LeftCCGenu_Entropy,0.0001803793215628106
RightSuperior_InterquartileRange,0.0001792173740572783
LeftCaudate_Imc1,0.00017875003822576514
RightInsideThalamus_90Percentile,0.00017872714701875912
RightInsideThalamus_Entropy,0.0001780473033313724
RightPutamen_SumAverage,0.0001777950969009495
RightExtThalamus_Energy,0.0001766039207153459
LeftPosterior_Imc2,0.0001755186572912628
LeftFrontal_GrayLevelVariance,0.00017539271736400817
LeftRedNucleus_Autocorrelation,0.00017518406050503487
RightLateralVentricle_StandardDeviation,0.00017464030193851273
LeftCCSplenium_StandardDeviation,0.00017462450952495124
LeftCCSplenium_Range,0.00017364895789903853
LeftPutamen_ClusterProminence,0.00017269967918005801
LeftLateralVentricle_Entropy,0.0001726189957217292
RightExtThalamus_GrayLevelVariance,0.00017233797687871735
RightIntThalamus_Skewness,0.00017230156187215872
LeftSuperior_GrayLevelNonUniformity,0.00017179506196114732
LeftRedNucleus_LowGrayLevelZoneEmphasis,0.00017132441047956984
RightInsideThalamus_MCC,0.00016957076147189616
RightCCGenu_JointEntropy,0.00016918180017204407
RightPutamen_MaximumProbability,0.0001689394309217853
LeftExtThalamus_JointEnergy,0.00016853488259714847
RightFrontal_MeanAbsoluteDeviation,0.0001684699754553908
RightCaudate_StandardDeviation,0.0001675231028760181
LeftExtThalamus_RootMeanSquared,0.00016717342593890823
RightLateralVentricle_90Percentile,0.00016654147577630212
LeftCCSplenium_RobustMeanAbsoluteDeviation,0.00016633342966110125
RightCST_ZonePercentage,0.00016563959553918698
RightFrontal_GrayLevelVariance,0.00016498486341253525
RightPutamen_Correlation,0.00016345720883670183
RightCCGenu_ClusterShade,0.00016342122465033
RightRedNucleus_DifferenceAverage,0.00016293733674755236
LeftCST_Imc2,0.00016223512832146768
RightCCSplenium_Contrast,0.0001616475095577686
LeftCST_JointAverage,0.00016137976171118985
RightIntThalamus_DifferenceVariance,0.000160894530025942
RightVentricle_InverseVariance,0.00016048686643661754
RightSuperior_MCC,0.0001580705918334483
RightPutamen_JointEnergy,0.00015738422923980956
RightCCGenu_InterquartileRange,0.0001572152250961055
LeftPosterior_Correlation,0.00015708075741247378
RightInsideThalamus_MeanAbsoluteDeviation,0.00015681704825326273
RightCST_Imc2,0.00015644337223020305
RightCCGenu_SumAverage,0.00015626686693896214
RightExtThalamus_RobustMeanAbsoluteDeviation,0.0001555331011760225
LeftLateralVentricle_InterquartileRange,0.0001553830421853676
RightCCSplenium_StandardDeviation,0.00015506620592233627
LeftInsideThalamus_DifferenceVariance,0.0001533627354450292
RightFrontal_Entropy,0.00015293203464607116
RightInsideThalamus_ClusterShade,0.00015262968750524435
RightCaudate_LowGrayLevelZoneEmphasis,0.00015193694501351325
RightPutamen_SumEntropy,0.0001513307788642058
RightCCSplenium_JointEntropy,0.00015094621407837276
RightIntThalamus_InterquartileRange,0.0001501507884183286
LeftFrontal_StandardDeviation,0.00015003698774971493
RightInsideThalamus_JointEntropy,0.00014990364165288854
RightVentricle_SumSquares,0.00014933333977332905
RightCST_HighGrayLevelZoneEmphasis,0.00014874585643631755
RightInsideThalamus_JointEnergy,0.0001485025255785513
RightFrontal_SumAverage,0.00014821924349878946
LeftPosterior_HighGrayLevelZoneEmphasis,0.00014768358923811773
RightCCGenu_StandardDeviation,0.00014746072046872602
LeftIntThalamus_LowGrayLevelZoneEmphasis,0.00014562968468678482
LeftInsideThalamus_GrayLevelVariance,0.0001455968156715643
LeftCCSplenium_SumSquares,0.00014528692519730262
LeftSuperior_Correlation,0.00014497863977909248
RightRedNucleus_SizeZoneNonUniformity,0.0001446880795177445
RightFrontal_StandardDeviation,0.0001444491071769474
LeftLateralVentricle_Kurtosis,0.0001437738574366505
RightPosterior_SmallAreaEmphasis,0.00014371199219102862
LeftRedNucleus_SumAverage,0.00014258272193959663
RightExtThalamus_InterquartileRange,0.0001424528819008011
RightExtThalamus_GrayLevelNonUniformity,0.0001418273852674906
RightCCSplenium_DifferenceAverage,0.00014110689541796926
LeftPutamen_GrayLevelVariance,0.0001397861745114589
LeftInsideThalamus_ClusterShade,0.00013969636515108875
LeftPutamen_ZonePercentage,0.00013950709132679701
RightCST_Idm,0.00013863644899550802
LeftInsideThalamus_StandardDeviation,0.0001385476570065789
RightCaudate_Autocorrelation,0.00013807643881551195
RightExtThalamus_Entropy,0.00013661405780936666
RightLateralVentricle_JointAverage,0.00013628753672160332
RightSuperior_DifferenceVariance,0.0001360057018597739
LeftCCSplenium_ClusterProminence,0.00013565422384357424
LeftCCSplenium_Correlation,0.00013545672022429521
RightIntThalamus_LargeAreaEmphasis,0.00013476519040017684
LeftRedNucleus_ClusterShade,0.000132871227785294
RightCaudate_Correlation,0.0001320303763838583
RightLateralVentricle_Uniformity,0.00013139889048854818
LeftCST_Uniformity,0.00013137823131324766
LeftCCSplenium_InverseVariance,0.0001300996199180413
RightCST_LowGrayLevelZoneEmphasis,0.00013000730663930668
RightExtThalamus_Minimum,0.00012914694914757023
LeftFrontal_ClusterProminence,0.00012894344857882864
LeftLateralVentricle_StandardDeviation,0.0001286179812385006
RightCCGenu_JointAverage,0.00012861795954620793
LeftCCGenu_Contrast,0.00012730532889139944
RightCCGenu_DifferenceVariance,0.00012692088791157425
RightCCGenu_Correlation,0.000126769053231499
RightLateralVentricle_DifferenceEntropy,0.00012534617858234688
RightPosterior_ClusterProminence,0.0001244992878931745
RightSuperior_DifferenceEntropy,0.00012242180654243174
LeftIntThalamus_Uniformity,0.00012133497741222406
LeftInsideThalamus_MCC,0.00011805271422100809
LeftLateralVentricle_RobustMeanAbsoluteDeviation,0.00011744563878356569
RightCCGenu_Range,0.0001164927247091534
RightRedNucleus_Range,0.00011605601913884151
LeftIntThalamus_MCC,0.00011583325368821883
RightRedNucleus_JointAverage,0.00011525060648413002
RightPosterior_HighGrayLevelZoneEmphasis,0.00011447834440719628
LeftCST_JointEnergy,0.00011228460934599011
RightCST_DifferenceEntropy,0.00011085457142284205
RightFrontal_LowGrayLevelZoneEmphasis,0.00011055848690401238
LeftCCSplenium_InterquartileRange,0.00010996815417972536
RightPosterior_ClusterShade,0.00010918289893530178
RightCaudate_SizeZoneNonUniformity,0.00010885743733714369
RightVentricle_DifferenceEntropy,0.00010861542661480048
RightCCSplenium_Range,0.00010848651657072666
RightCST_Skewness,0.00010774788719383519
RightCCSplenium_Autocorrelation,0.00010763239583438366
LeftRedNucleus_Kurtosis,0.00010754096216379154
LeftInsideThalamus_Skewness,0.00010748153136305772
LeftCCGenu_SumAverage,0.00010531016476065105
LeftLateralVentricle_MeanAbsoluteDeviation,0.0001047405196554125
LeftInsideThalamus_SizeZoneNonUniformityNormalized,0.00010455021868092124
LeftExtThalamus_MCC,0.00010452474660901965
LeftCCGenu_GrayLevelVariance,0.0001043348019076279
LeftCCSplenium_Contrast,0.00010275576778075632
RightVentricle_GrayLevelVariance,0.00010237751031883096
RightCaudate_ZoneEntropy,0.00010203861231364169
LeftFrontal_ZoneEntropy,0.0001018829218283258
LeftSuperior_DifferenceAverage,0.00010105329988292692
RightInsideThalamus_ClusterProminence,0.00010091720717499288
RightCaudate_MaximumProbability,0.00010062650228074205
RightSuperior_MeanAbsoluteDeviation,0.0001003135495938561
RightExtThalamus_HighGrayLevelZoneEmphasis,0.00010019544229082244
RightIntThalamus_Imc1,9.98798513469062e-05
LeftLateralVentricle_GrayLevelVariance,9.888920328497941e-05
LeftFrontal_ClusterShade,9.841150798717198e-05
LeftLateralVentricle_SumAverage,9.833593132152772e-05
LeftPutamen_SizeZoneNonUniformityNormalized,9.671524019854889e-05
RightInsideThalamus_ZonePercentage,9.65932725153695e-05
LeftPutamen_SumAverage,9.628846664976515e-05
LeftCST_Correlation,9.482566434272273e-05
RightCaudate_SumAverage,9.468951395416082e-05
RightCaudate_HighGrayLevelZoneEmphasis,9.365875626988475e-05
RightRedNucleus_Entropy,9.349221739431557e-05
LeftLateralVentricle_Skewness,9.246481043469726e-05
LeftRedNucleus_Range,9.168114177267306e-05
LeftIntThalamus_Imc2,9.158311627172422e-05
RightRedNucleus_SumAverage,9.045943615650888e-05
RightSuperior_Contrast,8.881353328584348e-05
RightRedNucleus_ZoneVariance,8.796340969213941e-05
LeftExtThalamus_ZoneEntropy,8.759417901253536e-05
RightIntThalamus_SumSquares,8.71889413211727e-05
LeftPutamen_DifferenceAverage,8.633756048295852e-05
RightVentricle_SumAverage,8.584653027844503e-05
RightCCSplenium_JointEnergy,8.504440086755129e-05
RightPutamen_JointAverage,8.474084342114958e-05
RightExtThalamus_MeanAbsoluteDeviation,8.353553948307005e-05
LeftInsideThalamus_JointEnergy,8.349386260199388e-05
LeftCaudate_InterquartileRange,8.307508863970665e-05
RightCCGenu_InverseVariance,8.268730491315782e-05
LeftRedNucleus_Correlation,8.18672105818312e-05
LeftPosterior_SizeZoneNonUniformityNormalized,8.051837529187003e-05
RightPutamen_GrayLevelNonUniformity,7.954615036032085e-05
RightIntThalamus_Correlation,7.953148783358335e-05
RightCCSplenium_LowGrayLevelZoneEmphasis,7.917135371228795e-05
LeftCST_InterquartileRange,7.715016035231741e-05
LeftCST_SumAverage,7.288422271018123e-05
RightIntThalamus_RobustMeanAbsoluteDeviation,7.20576628037888e-05
LeftSuperior_MaximumProbability,7.113692172271229e-05
LeftSuperior_HighGrayLevelZoneEmphasis,7.001412269154686e-05
LeftLateralVentricle_DifferenceAverage,6.997638883114326e-05
LeftRedNucleus_Maximum,6.901425491418816e-05
RightPosterior_MeanAbsoluteDeviation,6.836673984863706e-05
RightIntThalamus_SizeZoneNonUniformityNormalized,6.718933661422397e-05
RightCCGenu_ZonePercentage,6.521676650683405e-05
LeftExtThalamus_DifferenceAverage,6.37558299174713e-05
LeftCCGenu_Uniformity,6.159588904670336e-05
LeftRedNucleus_Idm,5.941272830543048e-05
LeftCST_Range,5.6822652681025206e-05
RightVentricle_SumEntropy,5.628337316025593e-05
LeftPutamen_RobustMeanAbsoluteDeviation,5.49229687353816e-05
LeftFrontal_DifferenceEntropy,5.409711668590746e-05
LeftCCSplenium_LargeAreaEmphasis,5.164793409144472e-05
RightFrontal_MCC,5.1420972246225625e-05
RightPosterior_SizeZoneNonUniformityNormalized,5.0359450986014446e-05
LeftRedNucleus_Skewness,4.945260378709517e-05
LeftCCSplenium_ClusterShade,4.930841792157132e-05
LeftCST_Contrast,4.737947049039282e-05
RightCCSplenium_SizeZoneNonUniformityNormalized,4.6267515561800604e-05
RightIntThalamus_ClusterShade,4.4761224426700904e-05
RightCCGenu_MCC,4.452016152888233e-05
RightInsideThalamus_SumEntropy,4.3569117130064324e-05
RightCCSplenium_GrayLevelNonUniformity,4.3374406195315124e-05
RightIntThalamus_SumAverage,4.076271272187305e-05
LeftLateralVentricle_Idm,3.989683749173059e-05
RightInsideThalamus_ZoneEntropy,3.898083951720222e-05
RightFrontal_InterquartileRange,3.7356439417422126e-05
LeftExtThalamus_DifferenceEntropy,3.589103008744937e-05
RightFrontal_ClusterProminence,3.577359110685365e-05
LeftSuperior_SumEntropy,3.575233863568747e-05
LeftInsideThalamus_HighGrayLevelZoneEmphasis,3.546363009610665e-05
RightExtThalamus_Median,3.535913037863098e-05
RightPutamen_Minimum,3.529398404831605e-05
LeftPutamen_ZoneVariance,3.4945205745143306e-05
LeftPutamen_HighGrayLevelZoneEmphasis,3.400678328175764e-05
RightCCGenu_Skewness,3.1048720578951025e-05
LeftExtThalamus_DifferenceVariance,3.069287853554872e-05
RightCST_MaximumProbability,2.914420140989598e-05
RightIntThalamus_JointAverage,2.6464388983608588e-05
LeftCCGenu_Autocorrelation,2.543742429126691e-05
RightSuperior_RobustMeanAbsoluteDeviation,2.5055953957886046e-05
LeftInsideThalamus_SizeZoneNonUniformity,2.4729099811739338e-05
RightCaudate_Kurtosis,2.4533867546663814e-05
RightRedNucleus_InverseVariance,2.843393651531407e-19
LeftCaudate_Autocorrelation,2.563167804487789e-19
RightPosterior_JointAverage,8.566402925710663e-20
RightCCGenu_Maximum,4.0512537486472925e-20
LeftCCGenu_MCC,3.75129889162152e-20
RightCCGenu_Uniformity,0.0
RightRedNucleus_MCC,0.0
RightCCSplenium_Kurtosis,0.0
LeftCCGenu_ZoneVariance,0.0
RightCST_StandardDeviation,0.0
RightIntThalamus_MCC,0.0
LeftSuperior_MeanAbsoluteDeviation,0.0
LeftSuperior_SumAverage,0.0
LeftFrontal_MCC,0.0
LeftCCGenu_RobustMeanAbsoluteDeviation,0.0
LeftCCGenu_InterquartileRange,0.0
LeftCCGenu_Range,0.0
LeftPosterior_JointEntropy,0.0
RightExtThalamus_JointEntropy,0.0
RightExtThalamus_ZoneVariance,0.0
LeftExtThalamus_10Percentile,0.0
RightPosterior_Skewness,0.0
RightExtThalamus_SizeZoneNonUniformity,0.0
RightPosterior_ZoneEntropy,0.0
LeftExtThalamus_Uniformity,0.0
LeftPosterior_MCC,0.0
LeftExtThalamus_MaximumProbability,0.0
RightCCSplenium_MCC,0.0
RightIntThalamus_Imc2,0.0
RightIntThalamus_SumEntropy,0.0
LeftCaudate_ClusterShade,0.0
LeftLateralVentricle_ClusterProminence,0.0
RightInsideThalamus_Range,0.0
RightPutamen_DifferenceVariance,0.0
RightRedNucleus_StandardDeviation,0.0
LeftPosterior_Kurtosis,0.0
LeftLateralVentricle_LargeAreaEmphasis,0.0
RightFrontal_JointEnergy,0.0
LeftCST_MeanAbsoluteDeviation,0.0
LeftCCSplenium_Skewness,0.0
LeftPutamen_Range,0.0
RightVentricle_HighGrayLevelZoneEmphasis,0.0
LeftPutamen_Autocorrelation,0.0
